candidate_id,complex_id,formula,charge,spin_setting,structure_path,generation_method,variables_json,notes
ferrocene__fe_cp_dist__-0.05,ferrocene,Fe(C5H5)2,0,closed_shell_phase1,D:\Research\Dr.Kulik_MIT\structures\generated_candidates\ferrocene__fe_cp_dist__-0.05.xyz,one_at_a_time_perturbation:fe_cp_centroid_distance_angstrom,"{""fe_cp_centroid_distance_angstrom"": 1.6099999999999999, ""delta_from_nominal"": -0.05}","AL exploration candidate, not relaxed - structure quality unknown until QE relax"
ferrocene__fe_cp_dist__-0.02,ferrocene,Fe(C5H5)2,0,closed_shell_phase1,D:\Research\Dr.Kulik_MIT\structures\generated_candidates\ferrocene__fe_cp_dist__-0.02.xyz,one_at_a_time_perturbation:fe_cp_centroid_distance_angstrom,"{""fe_cp_centroid_distance_angstrom"": 1.64, ""delta_from_nominal"": -0.02}","AL exploration candidate, not relaxed - structure quality unknown until QE relax"
ferrocene__fe_cp_dist__+0.02,ferrocene,Fe(C5H5)2,0,closed_shell_phase1,D:\Research\Dr.Kulik_MIT\structures\generated_candidates\ferrocene__fe_cp_dist__+0.02.xyz,one_at_a_time_perturbation:fe_cp_centroid_distance_angstrom,"{""fe_cp_centroid_distance_angstrom"": 1.68, ""delta_from_nominal"": 0.02}","AL exploration candidate, not relaxed - structure quality unknown until QE relax"
ferrocene__fe_cp_dist__+0.05,ferrocene,Fe(C5H5)2,0,closed_shell_phase1,D:\Research\Dr.Kulik_MIT\structures\generated_candidates\ferrocene__fe_cp_dist__+0.05.xyz,one_at_a_time_perturbation:fe_cp_centroid_distance_angstrom,"{""fe_cp_centroid_distance_angstrom"": 1.71, ""delta_from_nominal"": 0.05}","AL exploration candidate, not relaxed - structure quality unknown until QE relax"
ferrocene__ring2_rotation_deg__+9,ferrocene,Fe(C5H5)2,0,closed_shell_phase1,D:\Research\Dr.Kulik_MIT\structures\generated_candidates\ferrocene__ring2_rotation_deg__+9.xyz,one_at_a_time_perturbation:cp_ring_rotation_angle_degree,"{""cp_ring_rotation_angle_degree"": 9.0, ""delta_from_nominal"": 9.0}","AL exploration candidate, not relaxed - structure quality unknown until QE relax"
ferrocene__ring2_rotation_deg__+18,ferrocene,Fe(C5H5)2,0,closed_shell_phase1,D:\Research\Dr.Kulik_MIT\structures\generated_candidates\ferrocene__ring2_rotation_deg__+18.xyz,one_at_a_time_perturbation:cp_ring_rotation_angle_degree,"{""cp_ring_rotation_angle_degree"": 18.0, ""delta_from_nominal"": 18.0}","AL exploration candidate, not relaxed - structure quality unknown until QE relax"
ferrocene__ring2_rotation_deg__+27,ferrocene,Fe(C5H5)2,0,closed_shell_phase1,D:\Research\Dr.Kulik_MIT\structures\generated_candidates\ferrocene__ring2_rotation_deg__+27.xyz,one_at_a_time_perturbation:cp_ring_rotation_angle_degree,"{""cp_ring_rotation_angle_degree"": 27.0, ""delta_from_nominal"": 27.0}","AL exploration candidate, not relaxed - structure quality unknown until QE relax"
ferrocene__ring2_rotation_deg__+36,ferrocene,Fe(C5H5)2,0,closed_shell_phase1,D:\Research\Dr.Kulik_MIT\structures\generated_candidates\ferrocene__ring2_rotation_deg__+36.xyz,one_at_a_time_perturbation:cp_ring_rotation_angle_degree,"{""cp_ring_rotation_angle_degree"": 36.0, ""delta_from_nominal"": 36.0}","AL exploration candidate, not relaxed - structure quality unknown until QE relax"
ferrocene__cc_bond__-0.03,ferrocene,Fe(C5H5)2,0,closed_shell_phase1,D:\Research\Dr.Kulik_MIT\structures\generated_candidates\ferrocene__cc_bond__-0.03.xyz,one_at_a_time_perturbation:cp_ring_radius_perturbation_angstrom,"{""cp_ring_radius_perturbation_angstrom"": 1.3699999999999999, ""delta_from_nominal"": -0.03}","AL exploration candidate, not relaxed - structure quality unknown until QE relax"
ferrocene__cc_bond__-0.015,ferrocene,Fe(C5H5)2,0,closed_shell_phase1,D:\Research\Dr.Kulik_MIT\structures\generated_candidates\ferrocene__cc_bond__-0.015.xyz,one_at_a_time_perturbation:cp_ring_radius_perturbation_angstrom,"{""cp_ring_radius_perturbation_angstrom"": 1.385, ""delta_from_nominal"": -0.015}","AL exploration candidate, not relaxed - structure quality unknown until QE relax"
ferrocene__cc_bond__+0.015,ferrocene,Fe(C5H5)2,0,closed_shell_phase1,D:\Research\Dr.Kulik_MIT\structures\generated_candidates\ferrocene__cc_bond__+0.015.xyz,one_at_a_time_perturbation:cp_ring_radius_perturbation_angstrom,"{""cp_ring_radius_perturbation_angstrom"": 1.4149999999999998, ""delta_from_nominal"": 0.015}","AL exploration candidate, not relaxed - structure quality unknown until QE relax"
ferrocene__cc_bond__+0.03,ferrocene,Fe(C5H5)2,0,closed_shell_phase1,D:\Research\Dr.Kulik_MIT\structures\generated_candidates\ferrocene__cc_bond__+0.03.xyz,one_at_a_time_perturbation:cp_ring_radius_perturbation_angstrom,"{""cp_ring_radius_perturbation_angstrom"": 1.43, ""delta_from_nominal"": 0.03}","AL exploration candidate, not relaxed - structure quality unknown until QE relax"
ni_co4__mc_dist__-0.06,ni_co4,Ni(CO)4,0,closed_shell_phase1,D:\Research\Dr.Kulik_MIT\structures\generated_candidates\ni_co4__mc_dist__-0.06.xyz,one_at_a_time_perturbation:ni_c_distance_angstrom,"{""ni_c_distance_angstrom"": 1.778, ""delta_from_nominal"": -0.06}","AL exploration candidate, not relaxed - structure quality unknown until QE relax"
ni_co4__mc_dist__-0.03,ni_co4,Ni(CO)4,0,closed_shell_phase1,D:\Research\Dr.Kulik_MIT\structures\generated_candidates\ni_co4__mc_dist__-0.03.xyz,one_at_a_time_perturbation:ni_c_distance_angstrom,"{""ni_c_distance_angstrom"": 1.808, ""delta_from_nominal"": -0.03}","AL exploration candidate, not relaxed - structure quality unknown until QE relax"
ni_co4__mc_dist__+0.03,ni_co4,Ni(CO)4,0,closed_shell_phase1,D:\Research\Dr.Kulik_MIT\structures\generated_candidates\ni_co4__mc_dist__+0.03.xyz,one_at_a_time_perturbation:ni_c_distance_angstrom,"{""ni_c_distance_angstrom"": 1.868, ""delta_from_nominal"": 0.03}","AL exploration candidate, not relaxed - structure quality unknown until QE relax"
ni_co4__mc_dist__+0.06,ni_co4,Ni(CO)4,0,closed_shell_phase1,D:\Research\Dr.Kulik_MIT\structures\generated_candidates\ni_co4__mc_dist__+0.06.xyz,one_at_a_time_perturbation:ni_c_distance_angstrom,"{""ni_c_distance_angstrom"": 1.8980000000000001, ""delta_from_nominal"": 0.06}","AL exploration candidate, not relaxed - structure quality unknown until QE relax"
ni_co4__co_dist__-0.04,ni_co4,Ni(CO)4,0,closed_shell_phase1,D:\Research\Dr.Kulik_MIT\structures\generated_candidates\ni_co4__co_dist__-0.04.xyz,one_at_a_time_perturbation:c_o_distance_angstrom,"{""c_o_distance_angstrom"": 1.087, ""delta_from_nominal"": -0.04}","AL exploration candidate, not relaxed - structure quality unknown until QE relax"
ni_co4__co_dist__-0.02,ni_co4,Ni(CO)4,0,closed_shell_phase1,D:\Research\Dr.Kulik_MIT\structures\generated_candidates\ni_co4__co_dist__-0.02.xyz,one_at_a_time_perturbation:c_o_distance_angstrom,"{""c_o_distance_angstrom"": 1.107, ""delta_from_nominal"": -0.02}","AL exploration candidate, not relaxed - structure quality unknown until QE relax"
ni_co4__co_dist__+0.02,ni_co4,Ni(CO)4,0,closed_shell_phase1,D:\Research\Dr.Kulik_MIT\structures\generated_candidates\ni_co4__co_dist__+0.02.xyz,one_at_a_time_perturbation:c_o_distance_angstrom,"{""c_o_distance_angstrom"": 1.147, ""delta_from_nominal"": 0.02}","AL exploration candidate, not relaxed - structure quality unknown until QE relax"
ni_co4__co_dist__+0.04,ni_co4,Ni(CO)4,0,closed_shell_phase1,D:\Research\Dr.Kulik_MIT\structures\generated_candidates\ni_co4__co_dist__+0.04.xyz,one_at_a_time_perturbation:c_o_distance_angstrom,"{""c_o_distance_angstrom"": 1.167, ""delta_from_nominal"": 0.04}","AL exploration candidate, not relaxed - structure quality unknown until QE relax"
ni_co4__tetra_angle_perturb_deg__-6,ni_co4,Ni(CO)4,0,closed_shell_phase1,D:\Research\Dr.Kulik_MIT\structures\generated_candidates\ni_co4__tetra_angle_perturb_deg__-6.xyz,one_at_a_time_perturbation:tetrahedral_angle_perturbation_degree,"{""tetrahedral_angle_perturbation_degree"": -6.0, ""delta_from_nominal"": -6.0}","AL exploration candidate, not relaxed - structure quality unknown until QE relax"
ni_co4__tetra_angle_perturb_deg__-3,ni_co4,Ni(CO)4,0,closed_shell_phase1,D:\Research\Dr.Kulik_MIT\structures\generated_candidates\ni_co4__tetra_angle_perturb_deg__-3.xyz,one_at_a_time_perturbation:tetrahedral_angle_perturbation_degree,"{""tetrahedral_angle_perturbation_degree"": -3.0, ""delta_from_nominal"": -3.0}","AL exploration candidate, not relaxed - structure quality unknown until QE relax"
ni_co4__tetra_angle_perturb_deg__+3,ni_co4,Ni(CO)4,0,closed_shell_phase1,D:\Research\Dr.Kulik_MIT\structures\generated_candidates\ni_co4__tetra_angle_perturb_deg__+3.xyz,one_at_a_time_perturbation:tetrahedral_angle_perturbation_degree,"{""tetrahedral_angle_perturbation_degree"": 3.0, ""delta_from_nominal"": 3.0}","AL exploration candidate, not relaxed - structure quality unknown until QE relax"
ni_co4__tetra_angle_perturb_deg__+6,ni_co4,Ni(CO)4,0,closed_shell_phase1,D:\Research\Dr.Kulik_MIT\structures\generated_candidates\ni_co4__tetra_angle_perturb_deg__+6.xyz,one_at_a_time_perturbation:tetrahedral_angle_perturbation_degree,"{""tetrahedral_angle_perturbation_degree"": 6.0, ""delta_from_nominal"": 6.0}","AL exploration candidate, not relaxed - structure quality unknown until QE relax"
cr_co6__mc_dist__-0.06,cr_co6,Cr(CO)6,0,closed_shell_phase1,D:\Research\Dr.Kulik_MIT\structures\generated_candidates\cr_co6__mc_dist__-0.06.xyz,one_at_a_time_perturbation:cr_c_distance_angstrom,"{""cr_c_distance_angstrom"": 1.8579999999999999, ""delta_from_nominal"": -0.06}","AL exploration candidate, not relaxed - structure quality unknown until QE relax"
cr_co6__mc_dist__-0.03,cr_co6,Cr(CO)6,0,closed_shell_phase1,D:\Research\Dr.Kulik_MIT\structures\generated_candidates\cr_co6__mc_dist__-0.03.xyz,one_at_a_time_perturbation:cr_c_distance_angstrom,"{""cr_c_distance_angstrom"": 1.888, ""delta_from_nominal"": -0.03}","AL exploration candidate, not relaxed - structure quality unknown until QE relax"
cr_co6__mc_dist__+0.03,cr_co6,Cr(CO)6,0,closed_shell_phase1,D:\Research\Dr.Kulik_MIT\structures\generated_candidates\cr_co6__mc_dist__+0.03.xyz,one_at_a_time_perturbation:cr_c_distance_angstrom,"{""cr_c_distance_angstrom"": 1.948, ""delta_from_nominal"": 0.03}","AL exploration candidate, not relaxed - structure quality unknown until QE relax"
cr_co6__mc_dist__+0.06,cr_co6,Cr(CO)6,0,closed_shell_phase1,D:\Research\Dr.Kulik_MIT\structures\generated_candidates\cr_co6__mc_dist__+0.06.xyz,one_at_a_time_perturbation:cr_c_distance_angstrom,"{""cr_c_distance_angstrom"": 1.978, ""delta_from_nominal"": 0.06}","AL exploration candidate, not relaxed - structure quality unknown until QE relax"
cr_co6__co_dist__-0.04,cr_co6,Cr(CO)6,0,closed_shell_phase1,D:\Research\Dr.Kulik_MIT\structures\generated_candidates\cr_co6__co_dist__-0.04.xyz,one_at_a_time_perturbation:c_o_distance_angstrom,"{""c_o_distance_angstrom"": 1.131, ""delta_from_nominal"": -0.04}","AL exploration candidate, not relaxed - structure quality unknown until QE relax"
cr_co6__co_dist__-0.02,cr_co6,Cr(CO)6,0,closed_shell_phase1,D:\Research\Dr.Kulik_MIT\structures\generated_candidates\cr_co6__co_dist__-0.02.xyz,one_at_a_time_perturbation:c_o_distance_angstrom,"{""c_o_distance_angstrom"": 1.151, ""delta_from_nominal"": -0.02}","AL exploration candidate, not relaxed - structure quality unknown until QE relax"
cr_co6__co_dist__+0.02,cr_co6,Cr(CO)6,0,closed_shell_phase1,D:\Research\Dr.Kulik_MIT\structures\generated_candidates\cr_co6__co_dist__+0.02.xyz,one_at_a_time_perturbation:c_o_distance_angstrom,"{""c_o_distance_angstrom"": 1.191, ""delta_from_nominal"": 0.02}","AL exploration candidate, not relaxed - structure quality unknown until QE relax"
cr_co6__co_dist__+0.04,cr_co6,Cr(CO)6,0,closed_shell_phase1,D:\Research\Dr.Kulik_MIT\structures\generated_candidates\cr_co6__co_dist__+0.04.xyz,one_at_a_time_perturbation:c_o_distance_angstrom,"{""c_o_distance_angstrom"": 1.211, ""delta_from_nominal"": 0.04}","AL exploration candidate, not relaxed - structure quality unknown until QE relax"
cr_co6__axial_stretch__-0.05,cr_co6,Cr(CO)6,0,closed_shell_phase1,D:\Research\Dr.Kulik_MIT\structures\generated_candidates\cr_co6__axial_stretch__-0.05.xyz,one_at_a_time_perturbation:axial_equatorial_distortion_angstrom,"{""axial_equatorial_distortion_angstrom"": -0.05, ""delta_from_nominal"": -0.05}","AL exploration candidate, not relaxed - structure quality unknown until QE relax"
cr_co6__axial_stretch__-0.02,cr_co6,Cr(CO)6,0,closed_shell_phase1,D:\Research\Dr.Kulik_MIT\structures\generated_candidates\cr_co6__axial_stretch__-0.02.xyz,one_at_a_time_perturbation:axial_equatorial_distortion_angstrom,"{""axial_equatorial_distortion_angstrom"": -0.02, ""delta_from_nominal"": -0.02}","AL exploration candidate, not relaxed - structure quality unknown until QE relax"
cr_co6__axial_stretch__+0.02,cr_co6,Cr(CO)6,0,closed_shell_phase1,D:\Research\Dr.Kulik_MIT\structures\generated_candidates\cr_co6__axial_stretch__+0.02.xyz,one_at_a_time_perturbation:axial_equatorial_distortion_angstrom,"{""axial_equatorial_distortion_angstrom"": 0.02, ""delta_from_nominal"": 0.02}","AL exploration candidate, not relaxed - structure quality unknown until QE relax"
cr_co6__axial_stretch__+0.05,cr_co6,Cr(CO)6,0,closed_shell_phase1,D:\Research\Dr.Kulik_MIT\structures\generated_candidates\cr_co6__axial_stretch__+0.05.xyz,one_at_a_time_perturbation:axial_equatorial_distortion_angstrom,"{""axial_equatorial_distortion_angstrom"": 0.05, ""delta_from_nominal"": 0.05}","AL exploration candidate, not relaxed - structure quality unknown until QE relax"
fe_co5__axial_fe_c__-0.06,fe_co5,Fe(CO)5,0,closed_shell_phase1,D:\Research\Dr.Kulik_MIT\structures\generated_candidates\fe_co5__axial_fe_c__-0.06.xyz,one_at_a_time_perturbation:axial_fe_c_distance_angstrom,"{""axial_fe_c_distance_angstrom"": 1.7469999999999999, ""delta_from_nominal"": -0.06}","AL exploration candidate, not relaxed - structure quality unknown until QE relax"
fe_co5__axial_fe_c__-0.03,fe_co5,Fe(CO)5,0,closed_shell_phase1,D:\Research\Dr.Kulik_MIT\structures\generated_candidates\fe_co5__axial_fe_c__-0.03.xyz,one_at_a_time_perturbation:axial_fe_c_distance_angstrom,"{""axial_fe_c_distance_angstrom"": 1.777, ""delta_from_nominal"": -0.03}","AL exploration candidate, not relaxed - structure quality unknown until QE relax"
fe_co5__axial_fe_c__+0.03,fe_co5,Fe(CO)5,0,closed_shell_phase1,D:\Research\Dr.Kulik_MIT\structures\generated_candidates\fe_co5__axial_fe_c__+0.03.xyz,one_at_a_time_perturbation:axial_fe_c_distance_angstrom,"{""axial_fe_c_distance_angstrom"": 1.837, ""delta_from_nominal"": 0.03}","AL exploration candidate, not relaxed - structure quality unknown until QE relax"
fe_co5__axial_fe_c__+0.06,fe_co5,Fe(CO)5,0,closed_shell_phase1,D:\Research\Dr.Kulik_MIT\structures\generated_candidates\fe_co5__axial_fe_c__+0.06.xyz,one_at_a_time_perturbation:axial_fe_c_distance_angstrom,"{""axial_fe_c_distance_angstrom"": 1.867, ""delta_from_nominal"": 0.06}","AL exploration candidate, not relaxed - structure quality unknown until QE relax"
fe_co5__eq_fe_c__-0.06,fe_co5,Fe(CO)5,0,closed_shell_phase1,D:\Research\Dr.Kulik_MIT\structures\generated_candidates\fe_co5__eq_fe_c__-0.06.xyz,one_at_a_time_perturbation:equatorial_fe_c_distance_angstrom,"{""equatorial_fe_c_distance_angstrom"": 1.767, ""delta_from_nominal"": -0.06}","AL exploration candidate, not relaxed - structure quality unknown until QE relax"
fe_co5__eq_fe_c__-0.03,fe_co5,Fe(CO)5,0,closed_shell_phase1,D:\Research\Dr.Kulik_MIT\structures\generated_candidates\fe_co5__eq_fe_c__-0.03.xyz,one_at_a_time_perturbation:equatorial_fe_c_distance_angstrom,"{""equatorial_fe_c_distance_angstrom"": 1.797, ""delta_from_nominal"": -0.03}","AL exploration candidate, not relaxed - structure quality unknown until QE relax"
fe_co5__eq_fe_c__+0.03,fe_co5,Fe(CO)5,0,closed_shell_phase1,D:\Research\Dr.Kulik_MIT\structures\generated_candidates\fe_co5__eq_fe_c__+0.03.xyz,one_at_a_time_perturbation:equatorial_fe_c_distance_angstrom,"{""equatorial_fe_c_distance_angstrom"": 1.857, ""delta_from_nominal"": 0.03}","AL exploration candidate, not relaxed - structure quality unknown until QE relax"
fe_co5__eq_fe_c__+0.06,fe_co5,Fe(CO)5,0,closed_shell_phase1,D:\Research\Dr.Kulik_MIT\structures\generated_candidates\fe_co5__eq_fe_c__+0.06.xyz,one_at_a_time_perturbation:equatorial_fe_c_distance_angstrom,"{""equatorial_fe_c_distance_angstrom"": 1.887, ""delta_from_nominal"": 0.06}","AL exploration candidate, not relaxed - structure quality unknown until QE relax"
fe_co5__eq_angle_perturb_deg__-6,fe_co5,Fe(CO)5,0,closed_shell_phase1,D:\Research\Dr.Kulik_MIT\structures\generated_candidates\fe_co5__eq_angle_perturb_deg__-6.xyz,one_at_a_time_perturbation:equatorial_angle_perturbation_degree,"{""equatorial_angle_perturbation_degree"": -6.0, ""delta_from_nominal"": -6.0}","AL exploration candidate, not relaxed - structure quality unknown until QE relax"
fe_co5__eq_angle_perturb_deg__-3,fe_co5,Fe(CO)5,0,closed_shell_phase1,D:\Research\Dr.Kulik_MIT\structures\generated_candidates\fe_co5__eq_angle_perturb_deg__-3.xyz,one_at_a_time_perturbation:equatorial_angle_perturbation_degree,"{""equatorial_angle_perturbation_degree"": -3.0, ""delta_from_nominal"": -3.0}","AL exploration candidate, not relaxed - structure quality unknown until QE relax"
fe_co5__eq_angle_perturb_deg__+3,fe_co5,Fe(CO)5,0,closed_shell_phase1,D:\Research\Dr.Kulik_MIT\structures\generated_candidates\fe_co5__eq_angle_perturb_deg__+3.xyz,one_at_a_time_perturbation:equatorial_angle_perturbation_degree,"{""equatorial_angle_perturbation_degree"": 3.0, ""delta_from_nominal"": 3.0}","AL exploration candidate, not relaxed - structure quality unknown until QE relax"
fe_co5__eq_angle_perturb_deg__+6,fe_co5,Fe(CO)5,0,closed_shell_phase1,D:\Research\Dr.Kulik_MIT\structures\generated_candidates\fe_co5__eq_angle_perturb_deg__+6.xyz,one_at_a_time_perturbation:equatorial_angle_perturbation_degree,"{""equatorial_angle_perturbation_degree"": 6.0, ""delta_from_nominal"": 6.0}","AL exploration candidate, not relaxed - structure quality unknown until QE relax"
fe_co5__berry_tilt_deg__-20,fe_co5,Fe(CO)5,0,closed_shell_phase1,D:\Research\Dr.Kulik_MIT\structures\generated_candidates\fe_co5__berry_tilt_deg__-20.xyz,one_at_a_time_perturbation:berry_like_distortion_coordinate_degree,"{""berry_like_distortion_coordinate_degree"": -20.0, ""delta_from_nominal"": -20.0}","AL exploration candidate, not relaxed - structure quality unknown until QE relax"
fe_co5__berry_tilt_deg__-10,fe_co5,Fe(CO)5,0,closed_shell_phase1,D:\Research\Dr.Kulik_MIT\structures\generated_candidates\fe_co5__berry_tilt_deg__-10.xyz,one_at_a_time_perturbation:berry_like_distortion_coordinate_degree,"{""berry_like_distortion_coordinate_degree"": -10.0, ""delta_from_nominal"": -10.0}","AL exploration candidate, not relaxed - structure quality unknown until QE relax"
fe_co5__berry_tilt_deg__+10,fe_co5,Fe(CO)5,0,closed_shell_phase1,D:\Research\Dr.Kulik_MIT\structures\generated_candidates\fe_co5__berry_tilt_deg__+10.xyz,one_at_a_time_perturbation:berry_like_distortion_coordinate_degree,"{""berry_like_distortion_coordinate_degree"": 10.0, ""delta_from_nominal"": 10.0}","AL exploration candidate, not relaxed - structure quality unknown until QE relax"
fe_co5__berry_tilt_deg__+20,fe_co5,Fe(CO)5,0,closed_shell_phase1,D:\Research\Dr.Kulik_MIT\structures\generated_candidates\fe_co5__berry_tilt_deg__+20.xyz,one_at_a_time_perturbation:berry_like_distortion_coordinate_degree,"{""berry_like_distortion_coordinate_degree"": 20.0, ""delta_from_nominal"": 20.0}","AL exploration candidate, not relaxed - structure quality unknown until QE relax"
